<?xml version="1.0" encoding="utf-8"?>
<unattend xmlns="urn:schemas-microsoft-com:unattend">
    <settings pass="generalize">
        <component name="Microsoft-Windows-Shell-Setup" processorArchitecture="amd64" publicKeyToken="31bf3856ad364e35" language="neutral" versionScope="nonSxS" xmlns:wcm="http://schemas.microsoft.com/WMIConfig/2002/State" xmlns:xsi="http://www.w3.org/2001/XMLSchema-instance">
            <DoNotCleanTaskBar>true</DoNotCleanTaskBar>
        </component>
    </settings>
    <settings pass="specialize">
        <component name="Microsoft-Windows-UnattendedJoin" processorArchitecture="amd64" publicKeyToken="31bf3856ad364e35" language="neutral" versionScope="nonSxS" xmlns:wcm="http://schemas.microsoft.com/WMIConfig/2002/State">
            <Identification>
                <JoinWorkgroup>RESKIT</JoinWorkgroup>
            </Identification>
        </component>
        <component name="Microsoft-Windows-Shell-Setup" processorArchitecture="amd64" publicKeyToken="31bf3856ad364e35" language="neutral" versionScope="nonSxS" xmlns:wcm="http://schemas.microsoft.com/WMIConfig/2002/State">
            <ComputerName>SERVER</ComputerName>
            <RegisteredOrganization>Reskit.org</RegisteredOrganization>
            <RegisteredOwner>Class Attendees</RegisteredOwner>
            <DoNotCleanTaskBar>true</DoNotCleanTaskBar>
            <TimeZone>GMT Standard Time</TimeZone>
        </component>
        <component name="Microsoft-Windows-IE-InternetExplorer" processorArchitecture="amd64" publicKeyToken="31bf3856ad364e35" language="neutral" versionScope="nonSxS" xmlns:wcm="http://schemas.microsoft.com/WMIConfig/2002/State" xmlns:xsi="http://www.w3.org/2001/XMLSchema-instance">
            <Home_Page>about:blank</Home_Page>
            <DisableFirstRunWizard>true</DisableFirstRunWizard>
            <DisableOOBAccelerators>true</DisableOOBAccelerators>
            <DisableDevTools>true</DisableDevTools>
            <LocalIntranetSites>http://*.reskit.org;https://*.reskit.org</LocalIntranetSites>
            <TrustedSites>https://*.reskit.org</TrustedSites>
        </component>
        <component name="Microsoft-Windows-Deployment" processorArchitecture="amd64" publicKeyToken="31bf3856ad364e35" language="neutral" versionScope="nonSxS" xmlns:wcm="http://schemas.microsoft.com/WMIConfig/2002/State" xmlns:xsi="http://www.w3.org/2001/XMLSchema-instance">
            <RunSynchronous>
                <RunSynchronousCommand wcm:action="add">
                    <Description>EnableAdmin</Description>
                    <Order>1</Order>
                    <Path>cmd /c net user Administrator /active:yes</Path>
                </RunSynchronousCommand>
                <RunSynchronousCommand wcm:action="add">
                    <Description>UnfilterAdministratorToken</Description>
                    <Order>2</Order>
                    <Path>cmd /c reg add HKLM\SOFTWARE\Microsoft\Windows\CurrentVersion\Policies\System /v FilterAdministratorToken /t REG_DWORD /d 0 /f</Path>
                </RunSynchronousCommand>
            </RunSynchronous>
        </component>
        <component name="Microsoft-Windows-International-Core" processorArchitecture="amd64" publicKeyToken="31bf3856ad364e35" language="neutral" versionScope="nonSxS" xmlns:wcm="http://schemas.microsoft.com/WMIConfig/2002/State" xmlns:xsi="http://www.w3.org/2001/XMLSchema-instance">
            <InputLocale>0409:00000409</InputLocale>
            <SystemLocale>En-US</SystemLocale>
            <UILanguage>En-US</UILanguage>
            <UserLocale>En-GB</UserLocale>
        </component>
        <component name="Microsoft-Windows-TapiSetup" processorArchitecture="amd64" publicKeyToken="31bf3856ad364e35" language="neutral" versionScope="nonSxS" xmlns:wcm="http://schemas.microsoft.com/WMIConfig/2002/State" xmlns:xsi="http://www.w3.org/2001/XMLSchema-instance">
            <TapiConfigured>0</TapiConfigured>
            <TapiUnattendLocation>
                <AreaCode>""</AreaCode>
                <CountryOrRegion>44</CountryOrRegion>
                <LongDistanceAccess>9</LongDistanceAccess>
                <OutsideAccess>9</OutsideAccess>
                <PulseOrToneDialing>1</PulseOrToneDialing>
                <DisableCallWaiting>""</DisableCallWaiting>
                <InternationalCarrierCode>""</InternationalCarrierCode>
                <LongDistanceCarrierCode>""</LongDistanceCarrierCode>
                <Name>Default</Name>
            </TapiUnattendLocation>
        </component>
        <component name="Microsoft-Windows-IE-ESC" processorArchitecture="amd64" publicKeyToken="31bf3856ad364e35" language="neutral" versionScope="nonSxS" xmlns:wcm="http://schemas.microsoft.com/WMIConfig/2002/State" xmlns:xsi="http://www.w3.org/2001/XMLSchema-instance">
            <IEHardenAdmin>false</IEHardenAdmin>
            <IEHardenUser>false</IEHardenUser>
        </component>
        <component name="Microsoft-Windows-TerminalServices-LocalSessionManager" processorArchitecture="amd64" publicKeyToken="31bf3856ad364e35" language="neutral" versionScope="nonSxS" xmlns:wcm="http://schemas.microsoft.com/WMIConfig/2002/State" xmlns:xsi="http://www.w3.org/2001/XMLSchema-instance">
            <fDenyTSConnections>false</fDenyTSConnections>
        </component>
        <component name="Networking-MPSSVC-Svc" processorArchitecture="amd64" publicKeyToken="31bf3856ad364e35" language="neutral" versionScope="nonSxS" xmlns:wcm="http://schemas.microsoft.com/WMIConfig/2002/State" xmlns:xsi="http://www.w3.org/2001/XMLSchema-instance">
            <DomainProfile_EnableFirewall>false</DomainProfile_EnableFirewall>
            <PrivateProfile_EnableFirewall>false</PrivateProfile_EnableFirewall>
            <PublicProfile_EnableFirewall>false</PublicProfile_EnableFirewall>
        </component>
        <component name="Microsoft-Windows-TCPIP" processorArchitecture="amd64" publicKeyToken="31bf3856ad364e35" language="neutral" versionScope="nonSxS" xmlns:wcm="http://schemas.microsoft.com/WMIConfig/2002/State" xmlns:xsi="http://www.w3.org/2001/XMLSchema-instance">
            <Interfaces>
                <Interface wcm:action="add">
                    <Ipv4Settings>
                        <DhcpEnabled>false</DhcpEnabled>
                    </Ipv4Settings>
                    <UnicastIpAddresses>
                        <IpAddress wcm:action="add" wcm:keyValue="1">10.0.0.250/24</IpAddress>
                    </UnicastIpAddresses>
                    <Identifier>Ethernet</Identifier>
		            <Routes> 
		               <Route wcm:action="add"> 
		                  <Identifier>0</Identifier> 
		                  <Prefix>0.0.0.0/0</Prefix> 
		                  <NextHopAddress>10.0.0.10</NextHopAddress> 
		              </Route> 
		            </Routes> 
                </Interface>
            </Interfaces>
        </component>
        <component name="Microsoft-Windows-DNS-Client" processorArchitecture="amd64" publicKeyToken="31bf3856ad364e35" language="neutral" versionScope="nonSxS" xmlns:wcm="http://schemas.microsoft.com/WMIConfig/2002/State" xmlns:xsi="http://www.w3.org/2001/XMLSchema-instance">
            <Interfaces>
                <Interface wcm:action="add">
                    <DNSServerSearchOrder>
                        <IpAddress wcm:action="add" wcm:keyValue="1">10.0.0.10</IpAddress>
                    </DNSServerSearchOrder>
                    <Identifier>Ethernet</Identifier>
                </Interface>
            </Interfaces>
        </component>
    </settings>
    <settings pass="oobeSystem">
        <component name="Microsoft-Windows-Shell-Setup" processorArchitecture="amd64" publicKeyToken="31bf3856ad364e35" language="neutral" versionScope="nonSxS" xmlns:wcm="http://schemas.microsoft.com/WMIConfig/2002/State">
            <UserAccounts>
                <AdministratorPassword>
                    <Value>Pa$$w0rd</Value>
                    <PlainText>true</PlainText>
                </AdministratorPassword>
            </UserAccounts>
            <OOBE>
                <HideEULAPage>true</HideEULAPage>
                <NetworkLocation>Work</NetworkLocation>
                <ProtectYourPC>1</ProtectYourPC>
            </OOBE>
            <RegisteredOrganization>Reskit.Org</RegisteredOrganization>
            <RegisteredOwner>PSMC Class Attendees</RegisteredOwner>
            <TimeZone>GMT Standard Time</TimeZone>
        </component>
        <component name="Microsoft-Windows-International-Core" processorArchitecture="amd64" publicKeyToken="31bf3856ad364e35" language="neutral" versionScope="nonSxS" xmlns:wcm="http://schemas.microsoft.com/WMIConfig/2002/State" xmlns:xsi="http://www.w3.org/2001/XMLSchema-instance">
            <InputLocale>0809:00000809</InputLocale>
            <SystemLocale>En-GB</SystemLocale>
            <UILanguage>En-GB</UILanguage>
            <UserLocale>En-GB</UserLocale>
        </component>
    </settings>
</unattend>
